CREATE TABLE TBL_PIZZA_01(
    PCODE CHAR(4) NOT NULL PRIMARY KEY,
    PNAME VARCHAR2(30),
    COST NUMBER(7)
);
CREATE TABLE TBL_SHOP_01(
    SCODE CHAR(4) NOT NULL PRIMARY KEY,
    SNAME VARCHAR2(20)
);
CREATE TABLE TBL_SALELIST_01(
    SALENO NUMBER(7) NOT NULL PRIMARY KEY,
    SCODE CHAR(4) NOT NULL,
    SALEDATE DATE,
    PCODE CHAR(4) NOT NULL,
    AMOUNT NUMBER(5)
);

INSERT INTO TBL_PIZZA_01 VALUES('AA01', '고르곤졸라피자', 6000);
INSERT INTO TBL_PIZZA_01 VALUES('AA02', '치즈피자', 6500);
INSERT INTO TBL_PIZZA_01 VALUES('AA03', '페퍼로니피자', 7000);
INSERT INTO TBL_PIZZA_01 VALUES('AA04', '콤비네이션피자', 7500);
INSERT INTO TBL_PIZZA_01 VALUES('AA05', '고구마피자', 6000);
INSERT INTO TBL_PIZZA_01 VALUES('AA06', '포테이토피자', 7000);
INSERT INTO TBL_PIZZA_01 VALUES('AA07', '불고기피자', 8000);
INSERT INTO TBL_PIZZA_01 VALUES('AA08', '나폴리피자', 8000);

INSERT INTO TBL_SHOP_01 VALUES('S001', '강남점');
INSERT INTO TBL_SHOP_01 VALUES('S002', '강서점');
INSERT INTO TBL_SHOP_01 VALUES('S003', '강동점');
INSERT INTO TBL_SHOP_01 VALUES('S004', '영동점');
INSERT INTO TBL_SHOP_01 VALUES('S005', '시청점');
INSERT INTO TBL_SHOP_01 VALUES('S006', '인청점');

INSERT INTO TBL_SALELIST_01 VALUES(100001, 'S001', '2018-12-02', 'AA01', 50);
INSERT INTO TBL_SALELIST_01 VALUES(100002, 'S001', '2018-12-02', 'AA02', 30);
INSERT INTO TBL_SALELIST_01 VALUES(100003, 'S001', '2018-12-02', 'AA03', 20);
INSERT INTO TBL_SALELIST_01 VALUES(100004, 'S001', '2018-12-02', 'AA04', 50);
INSERT INTO TBL_SALELIST_01 VALUES(100005, 'S003', '2018-12-03', 'AA01', 40);
INSERT INTO TBL_SALELIST_01 VALUES(100006, 'S003', '2018-12-03', 'AA02', 60);
INSERT INTO TBL_SALELIST_01 VALUES(100007, 'S003', '2018-12-03', 'AA04', 60);
INSERT INTO TBL_SALELIST_01 VALUES(100008, 'S003', '2018-12-04', 'AA05', 70);
INSERT INTO TBL_SALELIST_01 VALUES(100009, 'S005', '2018-12-02', 'AA01', 80);
INSERT INTO TBL_SALELIST_01 VALUES(100010, 'S005', '2018-12-02', 'AA03', 30);
INSERT INTO TBL_SALELIST_01 VALUES(100011, 'S005', '2018-12-02', 'AA04', 40);
INSERT INTO TBL_SALELIST_01 VALUES(100012, 'S005', '2018-12-02', 'AA05', 50);
INSERT INTO TBL_SALELIST_01 VALUES(100013, 'S004', '2018-12-04', 'AA01', 30);
INSERT INTO TBL_SALELIST_01 VALUES(100014, 'S004', '2018-12-04', 'AA02', 20);
INSERT INTO TBL_SALELIST_01 VALUES(100015, 'S004', '2018-12-04', 'AA06', 50);

SELECT
    SL.SALENO AS 판매ID, SH.SCODE || '-' || SH.SNAME 지점명, SL.SALEDATE 판매일자, P.PCODE 피자코드, P.PNAME 피자명, SL.AMOUNT 판매수량, P.COST*SL.AMOUNT 매출액
FROM
    TBL_PIZZA_01 P, TBL_SALELIST_01 SL, TBL_SHOP_01 SH
WHERE SL.SCODE = SH.SCODE AND
      SL.PCODE = P.PCODE
ORDER BY
    SL.SALENO;

SELECT
    SH.SCODE || '-' || SH.SNAME 지점명, SUM(P.COST*SL.AMOUNT) AS TOTAL_COST
FROM
    TBL_PIZZA_01 P, TBL_SALELIST_01 SL, TBL_SHOP_01 SH
WHERE SL.SCODE = SH.SCODE AND
      SL.PCODE = P.PCODE
GROUP BY
    SH.SCODE, SH.SNAME
ORDER BY
    TOTAL_COST DESC;

SELECT P.PNAME, SUM(P.COST*SL.AMOUNT) AS TOTAL
FROM
    TBL_PIZZA_01 P, TBL_SALELIST_01 SL
WHERE
    SL.PCODE = P.PCODE
GROUP BY
    P.PCODE, P.PNAME
ORDER BY
    TOTAL DESC;